"","Estimate","p.value","X.var","Y.var"
"1",0.606,0.00595822501059241,"OTU_1705 O_Clostridiales","SEX"
"2",0.568,0.0111140056078109,"OTU_878 F_Lachnospiraceae","SEX"
"3",-0.539,0.0171788125121588,"IFNa2_R848","SEX"
"4",-0.518,0.0231980947083942,"IL-12p70_R848","SEX"
"5",-0.484,0.0358046066331931,"IL-23_LPS","SEX"
